t_s,rss_mb,threads,cycles,cache,history,state
0,53.8,2,0,0,0,WAITING_FOR_QUESTION
10,76.1,5,6,6,6,CAPTURING
20,76.5,5,13,9,14,EXECUTING_CONFIRMED_ACTION
30,76.6,5,21,9,21,WAITING_FOR_NEXT_QUESTION
40,77.3,5,28,9,29,EXECUTING_CONFIRMED_ACTION
50,77.6,5,35,9,36,VERIFYING
60,77.8,5,43,9,43,CAPTURING
70,77.8,5,50,9,51,VERIFYING
80,77.8,5,58,9,58,CAPTURING
90,78.3,5,65,9,66,EXECUTING_CONFIRMED_ACTION
100,78.4,5,73,9,73,WAITING_FOR_NEXT_QUESTION
110,78.5,5,80,9,80,CAPTURING
120,78.7,5,87,9,87,CAPTURING
130,78.8,5,95,9,95,WAITING_FOR_NEXT_QUESTION
140,79.3,5,102,9,103,VERIFYING
150,79.0,5,110,9,110,WAITING_FOR_NEXT_QUESTION
160,79.0,5,116,9,117,EXECUTING_CONFIRMED_ACTION
170,79.0,5,123,9,124,EXECUTING_CONFIRMED_ACTION
180,79.3,5,131,9,131,CAPTURING
190,79.3,5,139,9,140,EXECUTING_CONFIRMED_ACTION
200,79.3,5,146,9,147,VERIFYING
210,79.3,5,154,9,155,WAITING_FOR_CONFIRMATION
220,79.3,5,162,9,162,WAITING_FOR_NEXT_QUESTION
230,79.3,5,169,9,170,WAITING_FOR_CONFIRMATION
240,79.6,5,175,9,176,VERIFYING
250,79.6,5,183,9,184,EXECUTING_CONFIRMED_ACTION
260,79.6,5,190,9,191,VERIFYING
270,79.6,5,198,9,199,EXECUTING_CONFIRMED_ACTION
280,79.9,5,205,9,206,VERIFYING
290,79.9,5,213,9,213,CAPTURING
300,79.9,5,220,9,221,VERIFYING
310,79.9,5,228,9,229,VERIFYING
320,79.9,5,236,9,236,WAITING_FOR_NEXT_QUESTION
330,79.9,5,244,9,244,WAITING_FOR_NEXT_QUESTION
340,79.9,5,251,9,252,EXECUTING_CONFIRMED_ACTION
350,79.9,5,259,9,259,CAPTURING
360,79.9,5,266,9,267,EXECUTING_CONFIRMED_ACTION
370,79.9,5,274,9,274,WAITING_FOR_NEXT_QUESTION
380,79.9,5,281,9,282,VERIFYING
390,79.9,5,289,9,290,VERIFYING
400,79.9,5,297,9,297,CAPTURING
410,79.9,5,305,9,305,CAPTURING
420,79.9,5,313,9,313,CAPTURING
430,79.9,5,321,9,322,WAITING_FOR_CONFIRMATION
440,79.9,5,329,9,330,EXECUTING_CONFIRMED_ACTION
451,79.9,5,336,9,337,VERIFYING
461,80.2,5,345,9,345,WAITING_FOR_NEXT_QUESTION
471,79.9,5,353,9,353,WAITING_FOR_NEXT_QUESTION
481,79.9,5,360,9,361,VERIFYING
491,79.9,5,369,9,369,CAPTURING
501,79.9,5,376,9,377,EXECUTING_CONFIRMED_ACTION
511,79.9,5,384,9,385,EXECUTING_CONFIRMED_ACTION
521,79.9,5,392,9,393,EXECUTING_CONFIRMED_ACTION
531,79.9,5,400,9,401,EXECUTING_CONFIRMED_ACTION
541,79.9,5,408,9,409,EXECUTING_CONFIRMED_ACTION
551,79.9,5,416,9,416,CAPTURING
561,79.9,5,424,9,424,CAPTURING
571,79.9,5,432,9,433,WAITING_FOR_CONFIRMATION
581,79.9,5,440,9,441,EXECUTING_CONFIRMED_ACTION
591,79.9,5,448,9,449,EXECUTING_CONFIRMED_ACTION
601,79.9,5,456,9,456,CAPTURING
611,79.9,5,464,9,465,EXECUTING_CONFIRMED_ACTION
621,79.9,5,472,9,473,EXECUTING_CONFIRMED_ACTION
631,79.9,5,480,9,481,EXECUTING_CONFIRMED_ACTION
641,79.9,5,488,9,489,VERIFYING
651,79.9,5,496,9,497,EXECUTING_CONFIRMED_ACTION
661,79.9,5,504,9,505,VERIFYING
671,79.9,5,513,9,513,WAITING_FOR_NEXT_QUESTION
681,79.9,5,520,9,521,VERIFYING
691,79.9,5,529,9,529,CAPTURING
701,79.9,5,536,9,537,VERIFYING
711,79.9,5,544,9,545,EXECUTING_CONFIRMED_ACTION
721,80.3,5,552,9,553,EXECUTING_CONFIRMED_ACTION
731,80.4,5,560,9,561,EXECUTING_CONFIRMED_ACTION
741,80.4,5,568,9,568,CAPTURING
751,80.4,5,575,9,576,VERIFYING
761,80.4,5,583,9,584,VERIFYING
771,80.4,5,591,9,592,EXECUTING_CONFIRMED_ACTION
781,80.4,5,599,9,600,EXECUTING_CONFIRMED_ACTION
791,80.4,5,606,9,607,EXECUTING_CONFIRMED_ACTION
801,80.4,5,614,9,614,CAPTURING
811,81.1,5,621,9,622,VERIFYING
821,80.4,5,628,9,629,VERIFYING
831,80.4,5,636,9,636,WAITING_FOR_NEXT_QUESTION
841,80.4,5,643,9,644,VERIFYING
851,80.4,5,651,9,652,EXECUTING_CONFIRMED_ACTION
861,80.4,5,658,9,659,VERIFYING
871,80.4,5,666,9,666,WAITING_FOR_NEXT_QUESTION
881,80.4,5,673,9,674,VERIFYING
891,80.4,5,681,9,682,WAITING_FOR_CONFIRMATION
901,80.4,5,689,9,689,CAPTURING
911,80.4,5,696,9,697,VERIFYING
921,80.4,5,704,9,705,WAITING_FOR_CONFIRMATION
931,80.4,5,712,9,712,CAPTURING
941,80.4,5,720,9,720,CAPTURING
951,80.4,5,727,9,728,WAITING_FOR_CONFIRMATION
961,80.4,5,735,9,735,CAPTURING
971,80.4,5,743,9,743,WAITING_FOR_NEXT_QUESTION
981,80.4,5,750,9,751,EXECUTING_CONFIRMED_ACTION
991,80.4,5,758,9,758,CAPTURING
1001,80.4,5,765,9,765,CAPTURING
1011,80.4,5,772,9,773,EXECUTING_CONFIRMED_ACTION
1021,80.4,5,780,9,781,WAITING_FOR_CONFIRMATION
1031,80.4,5,788,9,788,WAITING_FOR_NEXT_QUESTION
1041,80.4,5,795,9,796,WAITING_FOR_CONFIRMATION
1051,80.4,5,803,9,803,CAPTURING
1061,80.4,5,810,9,811,VERIFYING
1071,80.4,5,818,9,819,EXECUTING_CONFIRMED_ACTION
1081,80.4,5,825,9,825,CAPTURING
1091,80.4,5,833,9,833,WAITING_FOR_NEXT_QUESTION
1101,80.4,5,840,9,840,CAPTURING
1111,80.5,5,847,9,847,WAITING_FOR_NEXT_QUESTION
1121,80.5,5,854,9,855,EXECUTING_CONFIRMED_ACTION
1131,81.1,5,861,9,862,VERIFYING
1141,80.5,5,868,9,869,EXECUTING_CONFIRMED_ACTION
1151,80.5,5,875,9,875,CAPTURING
1161,80.5,5,882,9,882,CAPTURING
1172,80.5,5,889,9,889,CAPTURING
1182,80.5,5,895,9,896,EXECUTING_CONFIRMED_ACTION
1192,80.5,5,902,9,903,VERIFYING
1202,80.8,5,910,9,910,WAITING_FOR_NEXT_QUESTION
1212,80.5,5,916,9,917,VERIFYING
1222,80.9,5,923,9,924,VERIFYING
1232,80.6,5,930,9,931,EXECUTING_CONFIRMED_ACTION
1242,80.6,5,937,9,937,CAPTURING
1252,80.6,5,944,9,945,WAITING_FOR_CONFIRMATION
1262,80.6,5,951,9,952,VERIFYING
1272,80.6,5,959,9,960,VERIFYING
1282,80.6,5,966,9,967,VERIFYING
1292,80.6,5,974,9,975,EXECUTING_CONFIRMED_ACTION
1302,80.6,5,982,9,983,EXECUTING_CONFIRMED_ACTION
1312,80.6,5,989,9,990,EXECUTING_CONFIRMED_ACTION
1322,80.6,5,996,9,997,EXECUTING_CONFIRMED_ACTION
1332,80.6,5,1004,9,1004,CAPTURING
1342,80.6,5,1011,9,1011,CAPTURING
1352,80.6,5,1018,9,1019,VERIFYING
1362,80.6,5,1025,9,1026,EXECUTING_CONFIRMED_ACTION
1372,80.6,5,1032,9,1033,EXECUTING_CONFIRMED_ACTION
1382,80.7,5,1039,9,1040,EXECUTING_CONFIRMED_ACTION
1392,80.7,5,1046,9,1047,EXECUTING_CONFIRMED_ACTION
1402,80.7,5,1053,9,1054,VERIFYING
1412,80.7,5,1061,9,1061,CAPTURING
1422,80.7,5,1068,9,1069,VERIFYING
1432,80.7,5,1075,9,1076,VERIFYING
1442,80.7,5,1083,9,1084,EXECUTING_CONFIRMED_ACTION
1452,80.7,5,1090,9,1091,VERIFYING
1462,80.7,5,1098,9,1098,WAITING_FOR_NEXT_QUESTION
1472,80.7,5,1105,9,1105,CAPTURING
1482,80.7,5,1113,9,1113,WAITING_FOR_NEXT_QUESTION
1492,80.7,5,1120,9,1121,EXECUTING_CONFIRMED_ACTION
1502,80.7,5,1128,9,1128,CAPTURING
1512,80.7,5,1135,9,1136,VERIFYING
1522,80.7,5,1143,9,1144,EXECUTING_CONFIRMED_ACTION
1532,80.7,5,1151,9,1151,WAITING_FOR_NEXT_QUESTION
1542,80.7,5,1158,9,1159,VERIFYING
1552,80.7,5,1166,9,1166,CAPTURING
1562,80.7,5,1173,9,1174,VERIFYING
1572,80.7,5,1181,9,1181,CAPTURING
1582,80.7,5,1188,9,1189,VERIFYING
1592,80.7,5,1196,9,1196,WAITING_FOR_NEXT_QUESTION
1602,80.7,5,1203,9,1204,EXECUTING_CONFIRMED_ACTION
1612,80.7,5,1211,9,1211,CAPTURING
1622,80.7,5,1218,9,1219,EXECUTING_CONFIRMED_ACTION
1632,80.7,5,1226,9,1226,WAITING_FOR_NEXT_QUESTION
1642,80.7,5,1233,9,1234,WAITING_FOR_CONFIRMATION
1652,80.7,5,1240,9,1241,EXECUTING_CONFIRMED_ACTION
1662,80.7,5,1248,9,1248,CAPTURING
1672,80.7,5,1255,9,1255,WAITING_FOR_NEXT_QUESTION
1682,80.8,5,1262,9,1263,EXECUTING_CONFIRMED_ACTION
1692,80.8,5,1270,9,1270,CAPTURING
1702,80.8,5,1277,9,1277,CAPTURING
1712,80.8,5,1284,9,1285,VERIFYING
1722,80.8,5,1292,9,1292,WAITING_FOR_NEXT_QUESTION
1732,80.8,5,1299,9,1300,EXECUTING_CONFIRMED_ACTION
1742,80.8,5,1306,9,1307,EXECUTING_CONFIRMED_ACTION
1752,80.8,5,1314,9,1314,CAPTURING
1762,80.8,5,1321,9,1322,EXECUTING_CONFIRMED_ACTION
1772,80.8,5,1329,9,1330,WAITING_FOR_CONFIRMATION
1782,80.8,5,1336,9,1337,EXECUTING_CONFIRMED_ACTION
1792,80.8,5,1344,9,1344,CAPTURING
